{
  "round": [
    1,
    2,
    3,
    4,
    5,
    6,
    7,
    8,
    9,
    10,
    11,
    12,
    13,
    14,
    15,
    16,
    17,
    18,
    19,
    20
  ],
  "test_acc": [
    0.72587890625,
    0.8498046875,
    0.88701171875,
    0.90048828125,
    0.9087890625,
    0.91220703125,
    0.91806640625,
    0.921875,
    0.924609375,
    0.92705078125,
    0.9310546875,
    0.93310546875,
    0.93388671875,
    0.93828125,
    0.93984375,
    0.94150390625,
    0.94482421875,
    0.94638671875,
    0.94873046875,
    0.94697265625
  ]
}