{
  "round": [
    1.0,
    2.0,
    3.0,
    4.0,
    5.0,
    6.0,
    7.0,
    8.0,
    9.0,
    10.0,
    11.0,
    12.0,
    13.0,
    14.0,
    15.0,
    16.0,
    17.0,
    18.0,
    19.0,
    20.0
  ],
  "test_acc": [
    0.10185546875,
    0.14423828125,
    0.4615234375,
    0.28994140625,
    0.35634765625,
    0.3435546875,
    0.5447265625,
    0.59091796875,
    0.5775390625,
    0.6404296875,
    0.55576171875,
    0.571875,
    0.5998046875,
    0.56181640625,
    0.66435546875,
    0.65068359375,
    0.77646484375,
    0.76494140625,
    0.691015625,
    0.56162109375
  ]
}