{
  "round": [
    1.0,
    2.0,
    3.0,
    4.0,
    5.0,
    6.0,
    7.0,
    8.0,
    9.0,
    10.0,
    11.0,
    12.0,
    13.0,
    14.0,
    15.0,
    16.0,
    17.0,
    18.0,
    19.0,
    20.0
  ],
  "test_acc": [
    0.10791015625,
    0.41171875,
    0.32646484375,
    0.4783203125,
    0.4302734375,
    0.458203125,
    0.43291015625,
    0.34921875,
    0.44833984375,
    0.491015625,
    0.52822265625,
    0.5853515625,
    0.77998046875,
    0.7412109375,
    0.70498046875,
    0.6537109375,
    0.72822265625,
    0.73583984375,
    0.64833984375,
    0.69619140625
  ]
}