{
  "round": [
    1.0,
    2.0,
    3.0,
    4.0,
    5.0,
    6.0,
    7.0,
    8.0,
    9.0,
    10.0,
    11.0,
    12.0,
    13.0,
    14.0,
    15.0,
    16.0,
    17.0,
    18.0,
    19.0,
    20.0
  ],
  "test_acc": [
    0.23232421875,
    0.43056640625,
    0.58388671875,
    0.60498046875,
    0.77373046875,
    0.7259765625,
    0.81640625,
    0.7818359375,
    0.843359375,
    0.7890625,
    0.7998046875,
    0.8107421875,
    0.8361328125,
    0.7498046875,
    0.84765625,
    0.84326171875,
    0.88095703125,
    0.85087890625,
    0.8197265625,
    0.903125
  ]
}