{
  "round": [
    1,
    2,
    3,
    4,
    5,
    6,
    7,
    8,
    9,
    10,
    11,
    12,
    13,
    14,
    15,
    16,
    17,
    18,
    19,
    20,
    21,
    22,
    23,
    24,
    25,
    26,
    27,
    28,
    29,
    30,
    31,
    32,
    33,
    34,
    35,
    36,
    37,
    38,
    39,
    40,
    41,
    42,
    43,
    44,
    45,
    46,
    47,
    48,
    49,
    50
  ],
  "test_acc": [
    0.708203125,
    0.82763671875,
    0.87158203125,
    0.88974609375,
    0.8974609375,
    0.90458984375,
    0.90703125,
    0.91640625,
    0.9166015625,
    0.919140625,
    0.92177734375,
    0.92587890625,
    0.92578125,
    0.93056640625,
    0.93193359375,
    0.93544921875,
    0.9384765625,
    0.9357421875,
    0.94111328125,
    0.942578125,
    0.94208984375,
    0.9447265625,
    0.9458984375,
    0.94736328125,
    0.94814453125,
    0.9494140625,
    0.95048828125,
    0.9521484375,
    0.9498046875,
    0.9548828125,
    0.955859375,
    0.9548828125,
    0.954296875,
    0.958203125,
    0.9595703125,
    0.9591796875,
    0.95947265625,
    0.96005859375,
    0.96123046875,
    0.9611328125,
    0.9607421875,
    0.96015625,
    0.96171875,
    0.9646484375,
    0.96318359375,
    0.9638671875,
    0.96396484375,
    0.96513671875,
    0.9646484375,
    0.96533203125
  ]
}