{
  "round": [
    1.0,
    2.0,
    3.0,
    4.0,
    5.0,
    6.0,
    7.0,
    8.0,
    9.0,
    10.0,
    11.0,
    12.0,
    13.0,
    14.0,
    15.0,
    16.0,
    17.0,
    18.0,
    19.0,
    20.0
  ],
  "test_acc": [
    0.10185546875,
    0.10244140625,
    0.25556640625,
    0.1962890625,
    0.31005859375,
    0.39560546875,
    0.50146484375,
    0.50546875,
    0.52001953125,
    0.60302734375,
    0.4947265625,
    0.59326171875,
    0.57666015625,
    0.6158203125,
    0.5884765625,
    0.57333984375,
    0.64853515625,
    0.75380859375,
    0.63720703125,
    0.55859375
  ]
}