{
  "round": [
    1.0,
    2.0,
    3.0,
    4.0,
    5.0,
    6.0,
    7.0,
    8.0,
    9.0,
    10.0,
    11.0,
    12.0,
    13.0,
    14.0,
    15.0,
    16.0,
    17.0,
    18.0,
    19.0,
    20.0
  ],
  "test_acc": [
    0.19140625,
    0.3041015625,
    0.27392578125,
    0.41416015625,
    0.432421875,
    0.5048828125,
    0.53896484375,
    0.6189453125,
    0.46787109375,
    0.59755859375,
    0.5794921875,
    0.53134765625,
    0.53251953125,
    0.62177734375,
    0.7486328125,
    0.71103515625,
    0.72958984375,
    0.7111328125,
    0.6673828125,
    0.63857421875
  ]
}