{
  "round": [
    1.0,
    2.0,
    3.0,
    4.0,
    5.0,
    6.0,
    7.0,
    8.0,
    9.0,
    10.0,
    11.0,
    12.0,
    13.0,
    14.0,
    15.0,
    16.0,
    17.0,
    18.0,
    19.0,
    20.0
  ],
  "test_acc": [
    0.10185546875,
    0.148828125,
    0.461328125,
    0.28984375,
    0.35595703125,
    0.3431640625,
    0.54453125,
    0.5912109375,
    0.57705078125,
    0.63896484375,
    0.55634765625,
    0.57197265625,
    0.59970703125,
    0.562109375,
    0.6646484375,
    0.6515625,
    0.77666015625,
    0.7650390625,
    0.69033203125,
    0.56142578125
  ]
}