{
  "round": [
    1.0,
    2.0,
    3.0,
    4.0,
    5.0,
    6.0,
    7.0,
    8.0,
    9.0,
    10.0,
    11.0,
    12.0,
    13.0,
    14.0,
    15.0,
    16.0,
    17.0,
    18.0,
    19.0,
    20.0
  ],
  "test_acc": [
    0.28154296875,
    0.47412109375,
    0.71171875,
    0.79248046875,
    0.7236328125,
    0.76435546875,
    0.81953125,
    0.8373046875,
    0.8525390625,
    0.8673828125,
    0.86494140625,
    0.863671875,
    0.83349609375,
    0.84697265625,
    0.8650390625,
    0.84150390625,
    0.85263671875,
    0.89072265625,
    0.89716796875,
    0.8888671875
  ]
}