{
  "round": [
    1.0,
    2.0,
    3.0,
    4.0,
    5.0,
    6.0,
    7.0,
    8.0,
    9.0,
    10.0,
    11.0,
    12.0,
    13.0,
    14.0,
    15.0,
    16.0,
    17.0,
    18.0,
    19.0,
    20.0
  ],
  "test_acc": [
    0.1662109375,
    0.20927734375,
    0.1,
    0.10615234375,
    0.10185546875,
    0.12900390625,
    0.10185546875,
    0.21982421875,
    0.18955078125,
    0.409765625,
    0.3171875,
    0.296484375,
    0.3537109375,
    0.279296875,
    0.18173828125,
    0.3158203125,
    0.435546875,
    0.25927734375,
    0.18115234375,
    0.3314453125
  ]
}