{
  "epoch": [
    1,
    2,
    3,
    4,
    5
  ],
  "train_loss": [
    0.4466399906683705,
    0.1705432508720645,
    0.12425551233070492,
    0.09773062296193848,
    0.08179089073925766
  ],
  "train_acc": [
    0.8729011194029851,
    0.9490771588486141,
    0.9618703358208955,
    0.9693330223880597,
    0.9747634594882729
  ],
  "test_acc": [
    0.94423828125,
    0.959765625,
    0.9703125,
    0.9615234375,
    0.97509765625
  ]
}