{
  "round": [
    1.0,
    2.0,
    3.0,
    4.0,
    5.0,
    6.0,
    7.0,
    8.0,
    9.0,
    10.0,
    11.0,
    12.0,
    13.0,
    14.0,
    15.0,
    16.0,
    17.0,
    18.0,
    19.0,
    20.0
  ],
  "test_acc": [
    0.10185546875,
    0.10478515625,
    0.37333984375,
    0.28623046875,
    0.34443359375,
    0.40263671875,
    0.52109375,
    0.56455078125,
    0.5861328125,
    0.6291015625,
    0.5626953125,
    0.60009765625,
    0.600390625,
    0.61806640625,
    0.643359375,
    0.62041015625,
    0.718359375,
    0.77275390625,
    0.69189453125,
    0.6236328125
  ]
}