{
  "round": [
    1.0,
    2.0,
    3.0,
    4.0,
    5.0,
    6.0,
    7.0,
    8.0,
    9.0,
    10.0,
    11.0,
    12.0,
    13.0,
    14.0,
    15.0,
    16.0,
    17.0,
    18.0,
    19.0,
    20.0
  ],
  "test_acc": [
    0.10185546875,
    0.13505859375,
    0.4564453125,
    0.28779296875,
    0.35537109375,
    0.3478515625,
    0.54189453125,
    0.5904296875,
    0.57958984375,
    0.63837890625,
    0.5572265625,
    0.573828125,
    0.60185546875,
    0.5666015625,
    0.66572265625,
    0.65302734375,
    0.77822265625,
    0.7677734375,
    0.69150390625,
    0.56083984375
  ]
}