{
  "round": [
    1.0,
    2.0,
    3.0,
    4.0,
    5.0,
    6.0,
    7.0,
    8.0,
    9.0,
    10.0,
    11.0,
    12.0,
    13.0,
    14.0,
    15.0,
    16.0,
    17.0,
    18.0,
    19.0,
    20.0
  ],
  "test_acc": [
    0.10185546875,
    0.10244140625,
    0.25400390625,
    0.196484375,
    0.30947265625,
    0.396875,
    0.50126953125,
    0.5052734375,
    0.51982421875,
    0.603125,
    0.49521484375,
    0.59384765625,
    0.57646484375,
    0.61640625,
    0.58828125,
    0.57353515625,
    0.64892578125,
    0.75380859375,
    0.637109375,
    0.55986328125
  ]
}