{
  "round": [
    1.0,
    2.0,
    3.0,
    4.0,
    5.0,
    6.0,
    7.0,
    8.0,
    9.0,
    10.0,
    11.0,
    12.0,
    13.0,
    14.0,
    15.0,
    16.0,
    17.0,
    18.0,
    19.0,
    20.0
  ],
  "test_acc": [
    0.22294921875,
    0.37822265625,
    0.5365234375,
    0.54951171875,
    0.7,
    0.6619140625,
    0.783203125,
    0.71572265625,
    0.80390625,
    0.7279296875,
    0.77021484375,
    0.8025390625,
    0.812890625,
    0.74052734375,
    0.79755859375,
    0.77060546875,
    0.8568359375,
    0.81748046875,
    0.79462890625,
    0.85830078125
  ]
}