{
  "round": [
    1.0,
    2.0,
    3.0,
    4.0,
    5.0,
    6.0,
    7.0,
    8.0,
    9.0,
    10.0,
    11.0,
    12.0,
    13.0,
    14.0,
    15.0,
    16.0,
    17.0,
    18.0,
    19.0,
    20.0
  ],
  "test_acc": [
    0.32685546875,
    0.66552734375,
    0.72529296875,
    0.7966796875,
    0.77822265625,
    0.81728515625,
    0.86767578125,
    0.8916015625,
    0.90048828125,
    0.91630859375,
    0.883203125,
    0.90712890625,
    0.88251953125,
    0.89248046875,
    0.91591796875,
    0.89150390625,
    0.9095703125,
    0.9322265625,
    0.93916015625,
    0.93642578125
  ]
}