{
  "round": [
    1.0,
    2.0,
    3.0,
    4.0,
    5.0,
    6.0,
    7.0,
    8.0,
    9.0,
    10.0,
    11.0,
    12.0,
    13.0,
    14.0,
    15.0,
    16.0,
    17.0,
    18.0,
    19.0,
    20.0
  ],
  "test_acc": [
    0.72470703125,
    0.8568359375,
    0.88935546875,
    0.901953125,
    0.905078125,
    0.9115234375,
    0.916015625,
    0.92109375,
    0.92490234375,
    0.92646484375,
    0.93134765625,
    0.93330078125,
    0.93583984375,
    0.9388671875,
    0.940625,
    0.9423828125,
    0.9447265625,
    0.94599609375,
    0.95,
    0.950390625
  ]
}